{
    "author": "Josh.5, BishopDynamics",
    "compatibility": [
        2
    ],
    "description": "Transcode the video streams of a video file using hardware accelleration on Rockchip SoCs",
    "icon": "https://raw.githubusercontent.com/bishopdynamics/unmanic-plugins-bishopdynamics/master/source/video_transcoder_rockchip/icon.png",
    "id": "video_transcoder_rockchip",
    "name": "Transcode Video Files with Rockchip",
    "priorities": {
        "on_library_management_file_test": 10,
        "on_worker_process": 1
    },
    "tags": "video,ffmpeg",
    "version": "0.0.1"
}
